# BEB-positive sites (M8 site model). protein_pos is 1-based along the target protein sequence (ensembl=ENSP00000407332; uniprot=P01920).
trimal_pos	protein_pos	aa	prob	signif	mean_w	se
37	41	F	0.855		3.182	1.008
54	58	L	1.000	**	3.632	0.471
85	89	D	1.000	**	3.632	0.472
95	99	V	0.917		3.366	0.839
113		V	0.993	**	3.608	0.511
115	119	F	1.000	**	3.632	0.471
116	120	R	0.705		2.740	1.240
231	235	V	0.641		2.566	1.320
248	252	R	0.585		2.403	1.364
255		-	1.000	**	3.632	0.471
256		-	1.000	**	3.631	0.474
257		-	1.000	**	3.632	0.471
258		-	1.000	**	3.632	0.472
260	259	L	0.856		3.193	1.031
